,scores
0,-961.1639902478112
1,-1353.3819833587552
2,-1454.4683322044734
3,-1351.5924338700165
4,-1333.0909551600287
5,-1418.5064613870568
6,-1446.2114977635617
7,-1466.7064869370226
8,-1301.4685329478766
9,-1460.3400929335119
10,-1124.5445786660898
11,-903.8801310636586
12,-1083.4157427621965
13,-1433.5157203744795
14,-1290.7559214349321
15,-1523.3853044426655
16,-1448.001876046269
17,-1503.8735720607526
18,-1448.0830872761476
19,-1363.584602176648
20,-1402.3807219088767
21,-1409.1930193709256
22,-1237.34572408039
23,-1483.877945152075
24,-1026.7534890967966
25,-1475.4903921849602
26,-1355.1235778306814
27,-1348.9701790941936
28,-1409.612644697769
29,-1349.3537927732557
30,-1004.2026231282471
31,-1376.2190253055396
32,-1406.630771809185
33,-1411.5528846612378
34,-1336.382898318193
35,-1422.851379231689
36,-1546.0908505908872
37,-1044.4859028240264
38,-1534.4211247055418
39,-1488.1682286099804
40,-1393.4536632252439
41,-1518.8207524456263
42,-1516.2221214325418
43,-1447.9021083313323
44,-1391.6880999566451
45,-1522.2908433685918
46,-1144.8671533333375
47,-1471.6591916099496
48,-1542.5536004147284
49,-937.4015116114703
50,-1482.031279290072
51,-1512.1155701321306
52,-1424.1159419335042
53,-1424.7302301624845
54,-1542.178177043214
55,-1465.2164550516477
56,-1428.121201279138
57,-1473.3730069049375
58,-1523.6907645754125
59,-1452.9015695002433
60,-1376.7209359912667
61,-1368.8750960193402
62,-1407.661665962612
63,-1343.7819887666392
64,-1356.1258868619059
65,-963.7063134759447
66,-1509.624454529663
67,-1479.9559798343796
68,-1472.6139474328186
69,-1383.6847236750707
70,-1416.035314296282
71,-1468.5946211454961
72,-1388.9603534609905
73,-1498.6979295501499
74,-1419.9440008330353
75,-1482.8850784516537
76,-1448.6355648445856
77,-1443.1323672616634
78,-1256.492821102486
79,-1447.478602339037
80,-1441.6674184621302
81,-1300.5326888439906
82,-1413.097459720916
83,-1090.0316658087627
84,-1371.205704478561
85,-1334.1457463399122
86,-1447.0199588044459
87,-1421.3386991730706
88,-1436.9503999586655
89,-1306.982273119962
90,-1326.7895733245207
91,-1393.2385886990878
92,-1206.0685096621082
93,-1393.5621426013515
94,-1495.4963865270956
95,-1248.7939295259855
96,-1355.0626387313007
97,-1465.1852026380104
98,-1441.7195721708865
99,-1478.6226849308782
100,-1247.8427252554766
101,-1400.7408649277545
102,-1169.083498515358
103,-1318.0864715758296
104,-1509.9143860727997
105,-1375.0130929925429
106,-1262.5146810385952
107,-1382.5375111060312
108,-1504.4813082253243
109,-1373.7731336801014
110,-1221.702503125485
111,-1351.4752045277892
112,-1358.709453434189
113,-1352.9029707163054
114,-1306.1852066522988
115,-1350.7666063549343
116,-1208.7599042736347
117,-1057.1795486131994
118,-1416.3603330266255
119,-1316.3099288863673
120,-1171.8840017183327
121,-1358.7174948576555
122,-1300.032833967517
123,-1314.7541606894997
124,-1248.717018704134
125,-1329.116423030605
126,-1344.9206234038543
127,-1196.4959963846734
128,-1366.8637690257553
129,-1208.3096404990476
130,-1410.8647120007806
131,-1316.1187492580634
132,-1049.2619693652337
133,-1389.2516685328933
134,-1333.5895450902276
135,-1402.2749000161111
136,-1361.803924957299
137,-1351.9507756630464
138,-1272.6492260495236
139,-1310.3464334703053
140,-1360.332816336517
141,-1324.8854817016609
142,-1036.9208766396216
143,-1261.178348551084
144,-1299.2036961023928
145,-1259.2417957383398
146,-1135.9064271224013
147,-1311.12538343194
148,-1367.1249480589702
149,-1216.748298607072
150,-1300.448678433872
151,-1340.5365620490347
152,-1358.5541530413873
153,-1316.6426145400221
154,-1378.3545955551024
155,-1368.761460131342
156,-1279.7588201280569
157,-1314.0438783112056
158,-1194.460223760173
159,-1379.5079783722465
160,-1341.7365546175133
161,-1293.3110464307165
162,-1242.276680605573
163,-1019.7214367422002
164,-1072.2366126489462
165,-1234.44202753094
166,-1292.3020104988018
167,-1223.594654625243
168,-1287.120201401658
169,-908.0105751102983
170,-1313.1653486176401
171,-1023.4542939779839
172,-1234.0291685478483
173,-1234.0577286981288
174,-993.3066726876368
175,-1001.4786161640864
176,-1212.314551037217
177,-1166.420650154241
178,-1373.5082383489855
179,-1106.324807724276
180,-1064.783031381811
181,-1110.1152236496334
182,-1132.701387773285
183,-1210.8194169053752
184,-1146.0178399446725
185,-1040.4744771366525
186,-1208.3710519333479
187,-1157.383757330059
188,-1194.048864707149
189,-1061.0998586246365
190,-1175.1396109797527
191,-1259.2136452002385
192,-1011.6938766091707
193,-1217.0148740418872
194,-1195.8593056769569
195,-1323.0825566026715
196,-1210.4861204406573
197,-1190.1578129725879
198,-893.5551023629763
199,-1180.5267019365156
200,-812.175157084106
201,-861.2423635484027
202,-904.8622473205822
203,-838.1984918804851
204,-1158.8432204561464
205,-1005.9076426360391
206,-1060.9902968841616
207,-1249.388108005528
208,-1070.1021510762007
209,-945.3617689460402
210,-1117.5187736683297
211,-1092.2841590272233
212,-1138.4026143667254
213,-1207.5523683385854
214,-1328.711257227694
215,-941.391660402289
216,-1042.789181752269
217,-921.0747410054324
218,-1232.2143164863662
219,-1175.1710505596259
220,-976.3940473168659
221,-904.8540181638746
222,-1095.5892296864802
223,-765.1854508094615
224,-1054.1500345385773
225,-927.5771994900847
226,-706.1463303405613
227,-959.2094481118921
228,-897.0363381109605
229,-789.1434872291312
230,-516.4292049457683
231,-1017.0445720627329
232,-998.7579112873239
233,-784.9756139180223
234,-1062.1687636155666
235,-1132.8299012302919
236,-969.2567112648406
237,-1038.2088072991155
238,-823.1018770885502
239,-1194.8577287604703
240,-1253.4564434506694
241,-656.131761232231
242,-909.9477526433883
243,-717.6334642248006
244,-507.6349249776833
245,-619.089711241761
246,-749.9359351894
247,-636.3641044253218
248,-1025.3484091436303
249,-982.0865486848996
250,-768.4662063647366
251,-1089.8332473444336
252,-924.7759841795935
253,-1032.8950679053173
254,-913.7455598126828
255,-901.8801120835002
256,-1046.2325984115298
257,-787.8891324293246
258,-977.819003315574
259,-812.5077910027054
260,-381.6546749007206
261,-384.6391577200837
262,-887.2247288836991
263,-930.6955204938654
264,-382.6393096543324
265,-512.3776920703529
266,-461.1096782913462
267,-384.3898441365785
268,-509.2697081983373
269,-1179.5849763776541
270,-518.1589227758267
271,-1034.7590067421372
272,-761.72458308136
273,-757.214321007734
274,-901.5305811699455
275,-632.5731570984374
276,-998.3586497591843
277,-598.3077019721286
278,-128.8638465823203
279,-639.4038751264025
280,-3.140531091337682
281,-130.04645660494995
282,-636.7460891871415
283,-128.08272072173605
284,-381.06333989121043
285,-1.1166372193552765
286,-654.7461810741199
287,-386.81213229463486
288,-254.05071411478883
289,-811.5204919415864
290,-3.0776256217830267
291,-132.19502628126313
292,-786.8195025458875
293,-252.53212817880137
294,-659.5645271367916
295,-512.5963399072349
296,-808.3947428383467
297,-829.8784819106855
298,-1.2609848000238573
299,-135.4468870986865
300,-543.3385688897782
301,-2.214815580410128
302,-382.58258436109793
303,-507.23154641613166
304,-129.86678213652334
305,-382.57372140498893
306,-639.563203211815
307,-126.57583412782704
308,-3.8466065640779097
309,-389.2042431423489
310,-130.20443514758662
311,-129.2552914217934
312,-646.1599787858097
313,-654.8437525339208
314,-942.0984631241126
315,-778.4339903256664
316,-252.89661772823786
317,-515.7674250103394
318,-256.54232983013827
319,-773.1693260248219
320,-577.0661992936259
321,-1.2571187341786754
322,-132.6199171155852
323,-522.192546954083
324,-257.6288817415137
325,-126.4920164322623
326,-131.06650190399787
327,-262.13187532857717
328,-386.62859110744546
329,-397.77360938071746
330,-132.33612362472988
331,-665.4346013786311
332,-130.7339527046443
333,-570.1917959424524
334,-125.19565134025069
335,-521.634221592957
336,-256.671067774564
337,-127.54145597948138
338,-125.68589569208183
339,-256.77897911082357
340,-382.6684197030782
341,-262.43674021570513
342,-132.4895491549928
343,-130.30692190872404
344,-254.67300273088932
345,-259.5830555156983
346,-903.821264867288
347,-395.8135269849695
348,-549.2449274211232
349,-126.34692305858623
350,-258.8940585593108
351,-388.6523168610581
352,-2.380532208080585
353,-252.58612278277698
354,-647.5544954740276
355,-387.0837097384695
356,-664.2338984754533
357,-904.3932462800893
358,-127.27286038607967
359,-605.162798095955
360,-383.1984681423577
361,-131.86523941802463
362,-125.34224301422505
363,-129.64755709584242
364,-127.92952846522263
365,-129.8492447726043
366,-1.0331273714019849
367,-534.7303663656186
368,-254.46388405453087
369,-253.68784924742414
370,-129.86724909118232
371,-386.2751695045812
372,-397.8981156470935
373,-124.76759592615986
374,-129.47744608397645
375,-132.67125780468083
376,-261.13380983442505
377,-397.5042317161564
378,-535.771524642873
379,-521.1245637314075
380,-128.78406829611262
381,-402.2272002541996
382,-529.7628502619245
383,-3.435086264187198
384,-126.4460320401505
385,-133.08877099470766
386,-128.24522378617036
387,-384.1065492605777
388,-414.2490067556964
389,-127.1809500027959
390,-377.5115344013964
391,-380.0511902970411
392,-128.70069850076888
393,-126.42132674172456
394,-481.59087465633655
395,-127.55876595462858
396,-667.6178746941127
397,-255.78109350396224
398,-649.4612628782972
399,-679.0940220161809
400,-128.34842734122896
401,-131.69037985653253
402,-258.70751200476434
403,-129.57366202267758
404,-598.1763711773791
405,-409.303917978918
406,-1.5787832574089404
407,-1.7492793789856285
408,-128.83103851451872
409,-127.9890938585546
410,-396.95380733485354
411,-518.1807966746472
412,-532.0585903744736
413,-128.20881137443882
414,-538.8269625726007
415,-128.67202665012405
416,-625.4341167120092
417,-125.66875063808148
418,-386.1962849908515
419,-256.6290243362093
420,-127.25534401079213
421,-413.9484094196831
422,-124.9193961259648
423,-447.5264930862716
424,-396.75339474386146
425,-124.7732755611703
426,-391.10699384128316
427,-253.55277598834175
428,-255.93997113162723
429,-254.76815856756048
430,-265.370462655734
431,-0.8392971604795538
432,-389.8607981421621
433,-507.76470830555047
434,-394.52777096457817
435,-260.80956440463973
436,-525.378046526705
437,-416.32609511682494
438,-131.06128222991916
439,-256.9734105079338
440,-388.8328192443104
441,-470.90579150626894
442,-131.68827304616354
443,-391.7515222106557
444,-269.4501208470842
445,-135.1236038339579
446,-131.43676943506415
447,-270.3007148531956
448,-256.5385944698407
449,-131.817054901401
450,-127.39919105324654
451,-267.24945309452266
452,-794.9428833197474
453,-2.4531432168918177
454,-262.3127226597745
455,-519.5192574701668
456,-133.0408845285162
457,-270.7324855040337
458,-127.28962411092996
459,-130.08719761139784
460,-258.0804377643402
461,-265.56368097676517
462,-132.06166316243105
463,-369.00185097369376
464,-130.2073814635168
465,-259.1871536423328
466,-392.95969811724314
467,-130.6918469129883
468,-132.95510962830517
469,-660.4704607493949
470,-250.62997689743875
471,-523.8781321109783
472,-256.72149044446525
473,-2.50721030631704
474,-1.3247269252103593
475,-129.99542160741356
476,-0.9079720443181284
477,-130.34059190840424
478,-524.8696208991036
479,-131.19993700442853
480,-374.9559877062276
481,-422.0005970867955
482,-263.63398775848117
483,-129.80089696946646
484,-427.79829531690814
485,-130.82413915080872
486,-0.6622553638423018
487,-395.21749531262947
488,-127.16610952825313
489,-130.2654578384666
490,-1.2481495583222153
491,-124.32503731073778
492,-130.45636747143445
493,-360.5047819507594
494,-1.9124248160031838
495,-130.2395334430505
496,-132.74802155177355
497,-0.5028360134193891
498,-258.48018773048517
499,-1.0536944825837147
500,-403.27791445557216
501,-131.11389251213708
502,-127.86741743360953
503,-626.1059164029748
504,-125.5610006756727
505,-130.38367801276345
506,-130.04756075948293
507,-654.4899564708529
508,-386.29388699624496
509,-523.4785070130001
510,-257.78489821346875
511,-135.26696929356393
512,-127.25815305624072
513,-129.2742026941749
514,-389.7346567084152
515,-517.5091860977815
516,-780.9688459613943
517,-131.62869632802077
518,-0.9581537856457758
519,-126.16969186805728
520,-604.4919160398197
521,-427.18658155463766
522,-263.57808976891783
523,-262.73584879337625
524,-2.498804834202486
525,-458.7864612627546
526,-258.029636305521
527,-268.20861534807324
528,-127.7580811466652
529,-438.57871756774045
530,-128.9153512351465
531,-408.83043308309914
532,-560.4242985096797
533,-268.97010707135314
534,-129.4064851007289
535,-260.0455162069205
536,-381.3180868207908
537,-255.58268791197727
538,-1.2317956899522648
539,-257.39864802467184
540,-253.67995551861247
541,-264.2051892674316
542,-128.7938333489938
543,-263.15800123499986
544,-128.99480711150503
545,-381.0502414156686
546,-128.5114667528676
547,-124.85792252736361
548,-504.43498069748415
549,-475.5413818509008
550,-253.20517076731255
551,-389.67342379474496
552,-272.9832249676405
553,-261.27846510391987
554,-410.44235870619696
555,-1.9202656751289764
556,-0.6122125998526474
557,-128.99594415057473
558,-515.6765383756524
559,-125.76218081954735
560,-262.284058442411
561,-129.94433272894284
562,-386.81214794738804
563,-265.0032915325741
564,-127.77684808021165
565,-568.5159630838149
566,-132.13526126211937
567,-0.8409308682851212
568,-128.2864794103888
569,-126.74339898212696
570,-390.57949575049906
571,-256.75061584891796
572,-355.433818151274
573,-133.10181928713357
574,-128.9617371642468
575,-130.58075682101702
576,-511.81619310646494
577,-128.36196134078057
578,-130.22614954144336
579,-126.99088550299116
580,-260.7173303913741
581,-131.93716375269565
582,-130.23780475253236
583,-261.5515070278917
584,-125.99225721341054
585,-411.835471822381
586,-398.9113158363505
587,-126.93168072374245
588,-130.62632280071682
589,-128.11260329779486
590,-259.77907439500603
591,-250.77517449903135
592,-2.450110304820174
593,-408.6446551296984
594,-130.76673222968407
595,-126.65474851633732
596,-125.52718991804012
597,-375.8363335137078
598,-255.93492069320433
599,-386.49262376951253
600,-129.21863550578712
601,-259.8531662923941
602,-367.29956503162765
603,-389.02197953250203
604,-129.9505244264482
605,-429.0462031805175
606,-0.6550137625350504
607,-127.09965931589697
608,-130.16294975334478
609,-127.38023852236536
610,-259.73394941595035
611,-404.6392049239081
612,-0.9563606656366597
613,-262.0062568846695
614,-375.7072375258675
615,-394.9211052163239
616,-382.88686107363094
617,-253.20569281194122
618,-264.86090980094866
619,-125.43759357220871
620,-1.7487901169747802
621,-125.65799629787915
622,-398.49989383134636
623,-130.14120263649178
624,-126.85412196287426
625,-387.32157509672624
626,-132.49808536592218
627,-128.47848857801011
628,-261.031691534932
629,-254.5760164426576
630,-130.1240235387908
631,-377.12773153900656
632,-256.5909785793178
633,-258.5895395115681
634,-455.9691812106356
635,-260.0320594170823
636,-129.89775532314152
637,-129.3444170926552
638,-381.23953929196756
639,-127.50982824929433
640,-430.14279459599305
641,-0.8827429632900099
642,-125.61403012403812
643,-129.44649351875378
644,-0.6001214718324759
645,-388.1762965462125
646,-126.06696409092837
647,-264.05787748355914
648,-125.65947818759172
649,-254.91520203611105
650,-129.77566764162685
651,-129.37868635213607
652,-250.98856513792455
653,-129.48557100408632
654,-247.74615186002103
655,-126.47243616984508
656,-133.38656272382423
657,-132.0342814036178
658,-266.2023338025595
659,-125.8428253718832
660,-128.98845591400712
661,-130.9305050051024
662,-127.84089157713566
663,-126.52414046748007
664,-256.5786031165075
665,-264.2165577646237
666,-399.4762875990991
667,-0.7747113030770661
668,-130.0622435596116
669,-266.1486371613289
670,-127.57969310615209
671,-392.5636379913857
672,-417.06228314195687
673,-0.4882055870347096
674,-256.154969067891
675,-397.8582086826788
676,-541.9199528040181
677,-251.47118470656335
678,-125.84601325686931
679,-256.8863372437103
680,-259.50196527735807
681,-250.72929321074508
682,-263.75838154103064
683,-128.1924974907919
684,-133.18439526303678
685,-129.0476800858349
686,-269.5275912042369
687,-436.54257317541783
688,-131.71495605004276
689,-371.28865219553336
690,-0.8024967033700072
691,-0.5875551301531421
692,-134.1945548687785
693,-375.18555182800685
694,-129.5635507183177
695,-342.17184413801243
696,-0.6571960502136454
697,-128.24398840298718
698,-254.4303906925552
699,-133.4727039472274
700,-126.76646748484062
701,-1.5488971529406887
702,-130.34520909281594
703,-385.54276333764375
704,-490.5935696301237
705,-396.44329802456815
706,-131.27155971410488
707,-130.39672237046878
708,-254.91582809043786
709,-130.35945191045448
710,-132.6212735154875
711,-130.9325051539836
712,-127.0874198445787
713,-133.57703566111468
714,-378.51820930990016
715,-129.38151628887658
716,-472.0958361750235
717,-129.69567312826544
718,-0.5213357112295797
719,-129.1660054222052
720,-128.90569543184188
721,-376.46753089447185
722,-128.00589298108997
723,-258.80016195914993
724,-261.85163254990687
725,-132.94289293373018
726,-491.05251334463543
727,-129.15151410986175
728,-268.8479232883596
729,-1.5059200984907704
730,-254.23953484375573
731,-264.1595606680532
732,-396.18336955858035
733,-260.1401322420882
734,-387.90276783948985
735,-262.1866725635979
736,-268.9847604190995
737,-250.2180708729789
738,-127.82825848552203
739,-255.19263523799307
740,-376.97055501436597
741,-392.18326499694484
742,-2.7441245790980644
743,-132.36528723133407
744,-132.43916031628413
745,-136.58296001224963
746,-126.96711624440825
747,-130.21063925981076
748,-258.4992648602365
749,-128.74071248717792
750,-129.67313163019142
751,-267.8244880577963
752,-370.94892688159
753,-129.3498679404012
754,-131.11253856694097
755,-255.39645931884306
756,-1.10612404575652
757,-262.29646840383447
758,-126.58777355605726
759,-3.12246707737064
760,-130.62823557333812
761,-129.64748886151006
762,-261.78396862768926
763,-2.0372755275084122
764,-262.5944646992792
765,-408.9493967714769
766,-129.20065013877922
767,-256.58755684146684
768,-127.33805826282772
769,-129.73140893293964
770,-0.8179591742161055
771,-377.08563136002937
772,-375.21346015029656
773,-242.28915155518433
774,-132.87725829388182
775,-125.32673737579915
776,-130.0353093220307
777,-389.3955992359087
778,-254.74435443151708
779,-282.1226640090629
780,-129.51043725421633
781,-124.60356704892688
782,-259.61993420099054
783,-126.76669615554836
784,-249.7965635573279
785,-128.44476866582275
786,-424.5097351371593
787,-0.4522866149274684
788,-425.063930549174
789,-128.3255951187304
790,-369.20610610793085
791,-261.32173712978727
792,-128.25891888347115
793,-130.3972671011655
794,-266.57318725652397
795,-126.30822993434079
796,-130.41150391393708
797,-0.6796929034453417
798,-256.0479429981207
799,-252.78164794607363
800,-128.60839216633607
801,-1.4790928770888685
802,-394.0296594463908
803,-544.1873163962381
804,-0.5167174280661719
805,-128.86212083122984
806,-128.97828149484664
807,-395.76568005821076
808,-245.20590044122065
809,-125.77554290721564
810,-543.9244329160107
811,-260.38938062640693
812,-129.00805292602263
813,-258.7665877699752
814,-130.62148098687965
815,-129.71292372471692
816,-126.89463907269187
817,-135.19640136946745
818,-132.05465245176072
819,-131.13610081874882
820,-270.4097761121704
821,-1.7231599067583132
822,-254.2508843908703
823,-527.1882703748975
824,-287.69154167969754
825,-129.3006752848023
826,-506.01061966304906
827,-0.7213136502300851
828,-133.60116639756225
829,-125.74817716640686
830,-255.84668678891742
831,-251.85025242290385
832,-128.7833263675384
833,-128.20873981228286
834,-125.32686113892815
835,-127.60798453361062
836,-129.88422549891422
837,-125.09804378830276
838,-129.99132809873214
839,-250.7803037439222
840,-128.2965282708178
841,-512.2356537414156
842,-401.54951739966367
843,-512.4604528995013
844,-371.15383334230773
845,-515.3717395979038
846,-130.16614404863213
847,-129.0585233369859
848,-0.8101801453135558
849,-266.40333443810675
850,-130.43587043880223
851,-267.4998444071716
852,-292.19256586485153
853,-525.7152887521979
854,-129.71132324507718
855,-0.537978181800264
856,-265.1424968313707
857,-128.8914019882258
858,-252.11713936718726
859,-257.1484746346639
860,-254.54064027596388
861,-251.55167953337005
862,-256.7573852205524
863,-399.2517240704932
864,-129.63167920831106
865,-128.42324995265014
866,-129.84921850500905
867,-0.6256150029814798
868,-293.1376000773506
869,-127.55793161911225
870,-530.1798915586724
871,-534.5101914816186
872,-125.14741365025827
873,-262.72260095662824
874,-130.63345232680294
875,-375.009888319076
876,-367.15302704910624
877,-381.8614199542506
878,-281.3477460530677
879,-0.9556231326953355
880,-126.8896021887366
881,-454.5708313331173
882,-253.65641313768288
883,-485.5270283912755
884,-133.47063169107338
885,-127.79010389345385
886,-2.0148807764316152
887,-125.07885623015522
888,-127.99534416944404
889,-129.71094125530226
890,-128.78402663790683
891,-374.35061035918096
892,-263.40394872908644
893,-479.63658777508215
894,-129.91062310614385
895,-257.2204906617389
896,-129.9937673887542
897,-130.34936947237622
898,-367.1644173939004
899,-259.0242474590797
900,-372.29372989298827
901,-131.3193699579297
902,-268.7344704858383
903,-381.5373981630625
904,-411.913380366445
905,-127.102816219329
906,-266.130003568548
907,-1.3642736421870352
908,-128.9577616840216
909,-378.9364177883272
910,-126.22188186186477
911,-128.94510686938548
912,-254.0300521726138
913,-131.79010201662788
914,-127.85235667381033
915,-244.98325777220205
916,-355.0510641115277
917,-447.4699743973155
918,-384.6644027980122
919,-130.16749544979166
920,-127.45421422858395
921,-266.76659339718015
922,-485.5777357641089
923,-277.1543000013831
924,-260.05109550224824
925,-392.7884957833189
926,-0.6903948382644645
927,-259.0459815691094
928,-426.1092066669541
929,-128.60056120691877
930,-378.4188487330219
931,-251.92705339797462
932,-0.5455501506949728
933,-125.26202343844368
934,-478.90134800956895
935,-123.38220171616553
936,-129.01182482825956
937,-132.6920282638826
938,-266.4545683576083
939,-129.32122489320153
940,-0.5442721116686872
941,-129.37619775244676
942,-487.20031213248603
943,-1.2092447953478944
944,-366.59740333605174
945,-0.671428147517905
946,-0.4996356489245796
947,-128.96890091987242
948,-132.31353760921616
949,-388.5105682153048
950,-129.36904455509912
951,-252.80238341345716
952,-254.10169735962714
953,-1.5016719058633743
954,-380.6210169822181
955,-509.8540599436128
956,-128.8131233263907
957,-243.7385219911017
958,-258.8787520310868
959,-385.89185074666176
960,-421.2578415625822
961,-252.69941618145248
962,-130.71156037595986
963,-500.6917422960167
964,-393.97948137848107
965,-262.526051500644
966,-130.9483471641851
967,-126.32672907253736
968,-129.29976100674787
969,-396.92300645984756
970,-132.28716649155166
971,-377.88245922000857
972,-129.35532498249773
973,-1.4298069760560204
974,-253.03690188769622
975,-0.9473170112101488
976,-259.8664026040692
977,-128.26124572314873
978,-394.80636389746195
979,-133.1116901558782
980,-127.73940584625686
981,-127.68647047200834
982,-1.2417480167717032
983,-131.33695982912883
984,-383.6734330129847
985,-262.61847116871115
986,-266.679166779377
987,-380.292561676192
988,-129.92057517743945
989,-127.20007280873931
990,-128.07528737283215
991,-383.0366658694886
992,-503.98967390993755
993,-131.18401528205655
994,-262.9424286183234
995,-513.7611405483879
996,-128.5843130414759
997,-360.2655646747549
998,-131.7659029118945
999,-126.15997388996742
1000,-266.68691604666645
1001,-255.31516332588262
1002,-257.3722583893419
1003,-128.20603367092275
1004,-395.94082911671643
1005,-127.78763726101748
1006,-1.9984470126350204
1007,-129.63953843486865
1008,-131.66768486380624
1009,-129.66264851508438
1010,-130.43263627916076
1011,-0.8339003385396027
1012,-2.0907457087322796
1013,-261.71771888156763
1014,-419.25858573321085
1015,-253.32128914230563
1016,-129.74204284721264
1017,-0.8563486401220504
1018,-575.7269175404166
1019,-247.5850200730161
1020,-125.103219342076
1021,-131.3426213388583
1022,-392.6727671045247
1023,-260.8304517833436
1024,-243.83372814382315
1025,-258.2638086680524
1026,-391.3988026477186
1027,-129.20453483733237
1028,-252.7393934342484
1029,-387.96553865020724
1030,-253.8710382841439
1031,-0.797445965796315
1032,-131.80892958166635
1033,-1.0384310345318344
1034,-267.38210524420776
1035,-244.4887927515375
1036,-273.598047517258
1037,-510.12753169733185
1038,-130.7158330884023
1039,-128.6209659639564
1040,-269.79715572261193
1041,-395.1327046097852
1042,-129.21237560406112
1043,-467.59992124724533
1044,-265.08103971444456
1045,-128.9200778093004
1046,-2.6813209048117486
1047,-0.5443188606026198
1048,-131.3329751542083
1049,-133.1999063825338
1050,-363.6629335533337
1051,-262.9625562721531
1052,-129.04549082310947
1053,-258.39319117160915
1054,-0.6466812050136609
1055,-405.5126190806098
1056,-252.23531355072305
1057,-130.21546899457653
1058,-0.48775402965623343
1059,-321.27578802595855
1060,-128.57634329986942
1061,-131.21976429293304
1062,-258.5824163523116
1063,-482.08635023283745
1064,-129.45778386578928
1065,-126.9869725247751
1066,-254.81514412019195
1067,-0.590486823904427
1068,-127.28369394820113
1069,-427.96733903059436
1070,-129.58735282830418
1071,-385.0679478394705
1072,-130.11085669000616
1073,-385.8930388568537
1074,-252.85509299552095
1075,-378.29458808418957
1076,-267.4592891126426
1077,-462.51681342854323
1078,-256.50121595584807
1079,-383.43325565803053
1080,-254.595079885555
1081,-128.73975798855372
1082,-132.6224226142271
1083,-126.55212843487956
1084,-265.7529289419259
1085,-378.04326597295085
1086,-128.94527120712226
1087,-129.88186753306698
1088,-248.25133059460086
1089,-430.51413137821436
1090,-2.2164496255836075
1091,-252.2462967315721
1092,-125.30154414185799
1093,-247.63798559674962
1094,-130.02802077619015
1095,-380.25210394846505
1096,-0.8576921094020356
1097,-261.83654088857685
1098,-265.4583520973648
1099,-128.5789364583266
1100,-131.12406154564408
1101,-128.23557405365435
1102,-125.83724350421235
1103,-535.0991054516204
1104,-261.6624862708259
1105,-243.56131048489016
1106,-454.6748557052483
1107,-264.49565643145473
1108,-372.69814175692517
1109,-131.73312364790132
1110,-130.30174165040913
1111,-127.31436664013468
1112,-0.4680988081006185
1113,-255.8127114363118
1114,-257.6772337470205
1115,-131.23645309499983
1116,-129.1055740635486
1117,-130.42883470663443
1118,-388.5806814263189
1119,-378.9435424508063
1120,-414.4502022680766
1121,-128.24069789109865
1122,-129.6013240625309
1123,-130.52759769429414
1124,-131.7531695932426
1125,-0.6850382179622916
1126,-404.37230976312134
1127,-131.24793785378216
1128,-255.27338989405817
1129,-252.4996315060271
1130,-130.26949465618318
1131,-127.05772568509262
1132,-130.33057773092085
1133,-0.8503340950907248
1134,-245.5794482400734
1135,-418.87450129232263
1136,-127.25011250582035
1137,-128.57024712686933
1138,-256.1225458441999
1139,-368.7503203879311
1140,-258.0092190014991
1141,-261.9107191040159
1142,-1.3323358214112329
1143,-393.9290701319711
1144,-269.6939393579097
1145,-131.27679117515882
1146,-128.82196193702114
1147,-125.3283994946465
1148,-271.3300688972296
1149,-391.69555877818533
1150,-129.32144703317303
1151,-126.80593557654734
1152,-128.70304630508022
1153,-128.48655911992117
1154,-392.46884870238216
1155,-2.572606180610363
1156,-129.37008791181984
1157,-371.25469782119865
1158,-126.0517729300006
1159,-127.55584060995338
1160,-407.05116855831153
1161,-130.06823603938014
1162,-128.00650709579506
1163,-343.2448973769477
1164,-128.12024442594372
1165,-264.4923915989656
1166,-271.0733438276124
1167,-1.255965143654211
1168,-395.2620975380184
1169,-128.2875466541993
1170,-369.34165721302907
1171,-256.36904577034716
1172,-247.61310947762334
1173,-130.5244670349353
1174,-382.5877079221189
1175,-272.1422293691427
1176,-131.22813976737027
1177,-246.04601849574502
1178,-248.7689271032055
1179,-130.50560296532734
1180,-240.38966609407035
1181,-128.08956700188065
1182,-128.22122133063377
1183,-416.3802255124085
1184,-132.98419026458484
1185,-130.2166040968953
1186,-128.63584131624583
1187,-1.045091672154951
1188,-384.6921847632145
1189,-254.16966680539804
1190,-347.42532037486734
1191,-380.1946033578505
1192,-378.0877987480783
1193,-408.3106124573687
1194,-131.50187229611666
1195,-261.1416461136314
1196,-123.02226275577515
1197,-265.64684307589584
1198,-256.37374117756633
1199,-370.2676434530481
1200,-129.65752816326346
1201,-127.58040307043855
1202,-129.20703065794896
1203,-260.7976704819217
1204,-376.10181784203564
1205,-129.24162475722844
1206,-261.58013215920244
1207,-389.0015373218041
1208,-130.14912358691043
1209,-277.8314438661809
1210,-129.39653634928106
1211,-132.07658209660957
1212,-414.9897719876962
1213,-130.54073304622216
1214,-127.60529951924718
1215,-126.1988089063368
1216,-261.7513878007036
1217,-127.44842649771296
1218,-259.2887929090523
1219,-133.45832106658563
1220,-257.77004111726234
1221,-129.084425865069
1222,-271.69647743128417
1223,-130.22262648314492
1224,-128.8260003839546
1225,-250.40600472210835
1226,-128.17241580408353
1227,-256.8701833627986
1228,-366.7318691417533
1229,-379.0637100729107
1230,-128.15958011047886
1231,-126.98249449897008
1232,-304.1670719418501
1233,-497.7228721788539
1234,-128.26065199108407
1235,-130.06114229848816
1236,-130.34903339334218
1237,-129.85109265622035
1238,-425.05806823682127
1239,-253.5657051110605
1240,-296.0501376606381
1241,-126.087334472137
1242,-131.32817977658124
1243,-257.615041684758
1244,-128.087688194467
1245,-129.47182316594228
1246,-2.5073553167383262
1247,-133.05577916094748
1248,-130.33954278556897
1249,-255.63474426901192
1250,-129.8086989463171
1251,-132.4638974027159
1252,-376.4211640402132
1253,-380.30735205427874
1254,-129.642072351705
1255,-246.37447873798462
1256,-383.0743154794805
1257,-128.33781568763536
1258,-278.8827082820275
1259,-127.50384434742612
1260,-391.28671290435614
1261,-129.72526449999287
1262,-126.31830662665239
1263,-253.82109385672263
1264,-1.6315139524952762
1265,-127.23108850482454
1266,-258.71692464071947
1267,-399.2378231155314
1268,-131.82303262572324
1269,-370.97653229266643
1270,-383.03270781763956
1271,-259.2168611570961
1272,-128.4000402492585
1273,-130.2169749388412
1274,-1.3417771743716829
1275,-127.6011843806292
1276,-0.7156066532381221
1277,-400.230350048202
1278,-257.70324088941544
1279,-123.67841005693934
1280,-1.2054773074255591
1281,-124.28477643648843
1282,-130.50870515464595
1283,-0.6711587874535745
1284,-127.11903126412204
1285,-131.38050701639597
1286,-130.5753331019709
1287,-280.50000972958844
1288,-133.79593685635183
1289,-253.00079592042823
1290,-129.10410913717385
1291,-0.9046776790091611
1292,-130.09200800978525
1293,-126.38834193504118
1294,-126.48620818936239
1295,-127.15492114357792
1296,-130.148798225969
1297,-386.23301755844346
1298,-290.63921614607045
1299,-262.6370163491817
1300,-253.26273461377298
1301,-0.5554981654417157
1302,-257.99725047441495
1303,-132.27550515021468
1304,-394.7151920344099
1305,-360.85224355818906
1306,-129.4325739233373
1307,-369.72561111574134
1308,-129.32254770304297
1309,-392.63190920938365
1310,-129.2125976687431
1311,-1.5626784144537824
1312,-371.51708310509633
1313,-129.03350108066607
1314,-342.54673939600576
1315,-129.32846573549324
1316,-130.42370931827023
1317,-129.60120436812605
1318,-1.1234316246686582
1319,-654.1478055875014
1320,-294.56104836613906
1321,-128.05429593804317
1322,-352.68026029028084
1323,-254.62361323653556
1324,-124.8292733924409
1325,-129.06497026258654
1326,-128.6025428540199
1327,-131.79780266578155
1328,-392.6652551986798
1329,-128.12309524942273
1330,-248.0937958588973
1331,-131.76176839042594
1332,-366.55951664725603
1333,-256.4686453378695
1334,-127.5075535278517
1335,-126.68452030455937
1336,-274.9160105673071
1337,-124.12295619332241
1338,-1.9601606929999298
1339,-0.5276360315710921
1340,-252.91640445797634
1341,-248.1943367494653
1342,-127.27903752120459
1343,-128.14069038459616
1344,-256.15984098923275
1345,-399.41547835973364
1346,-260.8767378775045
1347,-2.0610568980881325
1348,-250.4278475797645
1349,-320.66020587303103
1350,-123.45719790724694
1351,-247.96986417128429
1352,-0.5856052624499083
1353,-130.54369668362594
1354,-398.99623721543253
1355,-537.4396327257725
1356,-131.24402868039613
1357,-252.85204849747856
1358,-391.46887785463525
1359,-273.6365424426587
1360,-132.39143051178408
1361,-129.19145401210594
1362,-126.838372243725
1363,-129.8270115086485
1364,-254.28916484222103
1365,-265.3464135658757
1366,-265.54261008040316
1367,-131.47497276679735
1368,-258.66605190669804
1369,-0.790469086527385
1370,-129.61455270942426
1371,-132.23396788406444
1372,-253.35271428548404
1373,-264.29825451426626
1374,-122.05045201540689
1375,-1.251335184214481
1376,-525.6501304835247
1377,-380.31124686749337
1378,-133.29495575596192
1379,-131.52916783659637
1380,-268.198438236789
1381,-241.9417415182036
1382,-365.68418833297267
1383,-248.6415421026605
1384,-129.4045501089778
1385,-250.22810161540926
1386,-1.3768275204135803
1387,-256.3234130028605
1388,-243.57799145477927
1389,-265.6537522343814
1390,-261.2130397098536
1391,-128.51681306853368
1392,-127.69593053775282
1393,-255.12500471544092
1394,-271.6239632725518
1395,-130.44197802413743
1396,-129.6754109404265
1397,-136.4327438939576
1398,-268.1727340561143
1399,-126.58117970466772
1400,-5.627275061388557
1401,-127.80480825958934
1402,-131.62679176604226
1403,-129.55478150680244
1404,-125.29823996433234
1405,-129.29526244034923
1406,-130.54000189101956
1407,-128.9755180449068
1408,-126.49675094745604
1409,-389.4012012556779
1410,-130.84647338681907
1411,-130.0587520442292
1412,-514.8227119018932
1413,-131.9811566634299
1414,-270.8711482922243
1415,-377.9479988673305
1416,-265.21736121592244
1417,-279.6518492851131
1418,-130.32804326879744
1419,-126.42644051978135
1420,-131.4264926143603
1421,-258.7112007354287
1422,-260.6727822949587
1423,-131.43813725660263
1424,-129.18144452961081
1425,-254.27924466940846
1426,-389.5141771958484
1427,-263.08932942638074
1428,-128.8261659560008
1429,-0.6652040855281914
1430,-125.46715935402473
1431,-255.4189578634803
1432,-1.780167529804875
1433,-438.86755515834767
1434,-125.92249622079618
1435,-243.2010744400558
1436,-2.396024429401059
1437,-133.91670210441438
1438,-0.7899113789734898
1439,-265.16698531832907
1440,-265.35593110310316
1441,-128.11606323566124
1442,-125.41653349140779
1443,-133.06287227961926
1444,-425.54954580950135
1445,-128.79744612560074
1446,-128.90403182383747
1447,-129.9488269406114
1448,-527.4390377377306
1449,-128.3284423634133
1450,-129.58305689292732
1451,-1.6034351467493433
1452,-132.32070830714255
1453,-0.5064060405094328
1454,-258.673850984894
1455,-274.17990212899736
1456,-127.8306588497457
1457,-262.8005387087108
1458,-129.61395113157795
1459,-0.6646060178069972
1460,-1.1273209708424792
1461,-127.57487227446089
1462,-1.2819778652967202
1463,-256.7120701777857
1464,-127.03360387752248
1465,-259.2532966011261
1466,-273.4303097137231
1467,-131.31607666234996
1468,-129.82652186770463
1469,-3.081381567965525
1470,-257.8384157334643
1471,-129.23072674708462
1472,-130.45702518103207
1473,-258.5551975582892
1474,-253.75165644043958
1475,-0.81704240633778
1476,-279.31286225992756
1477,-132.029649980982
1478,-402.5837177373042
1479,-128.3980151282995
1480,-126.86514531216285
1481,-130.51168371016388
1482,-0.6776505814377106
1483,-285.2829347857611
1484,-129.24016623418555
1485,-128.15315560098796
1486,-126.22663336550539
1487,-371.9237776384179
1488,-129.97069391682476
1489,-1.621688731416074
1490,-130.42160540875562
1491,-0.8826126658031062
1492,-128.60133739631848
1493,-133.36642533776202
1494,-0.6584963438780197
1495,-264.7574265929308
1496,-334.93156948056117
1497,-133.17774438793177
1498,-320.61983973290313
1499,-132.15929475389925
1500,-263.8764744914603
1501,-125.06579903137198
1502,-257.9372898104471
1503,-127.98762660044036
1504,-1.146499355714567
1505,-252.5202220166188
1506,-125.37397931471835
1507,-247.4484015015414
1508,-251.33084624090216
1509,-0.8575248156336891
1510,-124.16262121808718
1511,-128.38590837008644
1512,-123.9627018995827
1513,-439.9482823163224
1514,-125.00986315569344
1515,-248.89012249839922
1516,-258.2972700830577
1517,-129.63088417599707
1518,-0.8371015563356256
1519,-129.643311707549
1520,-261.1387829459715
1521,-129.30265131892108
1522,-130.9055419721779
1523,-129.2733705794397
1524,-128.19310204326845
1525,-130.6981780845256
1526,-130.60888994928683
1527,-131.60933568446674
1528,-289.20990626932894
1529,-0.58330049602307
1530,-129.9039631076486
1531,-126.76825766591075
1532,-256.02437517693085
1533,-265.18196639387367
1534,-127.65953332965958
1535,-129.47072300838227
1536,-251.0192202146873
1537,-0.6188417362446867
1538,-247.8371304192601
1539,-129.64281340386182
1540,-127.13554754457323
1541,-128.4587330006324
1542,-0.8505632811027183
1543,-128.92443405894667
1544,-258.99722102617227
1545,-262.09881676006836
1546,-501.9485530001333
1547,-448.0461331704914
1548,-265.5775874697725
1549,-131.10012703927512
1550,-259.2243021811466
1551,-130.23327970548905
1552,-462.1869002207549
1553,-405.00269971944687
1554,-0.9910696097240189
1555,-0.4301514120076673
1556,-381.5442885181241
1557,-1.6833752951031717
1558,-131.85126183472374
1559,-126.2403153384383
1560,-249.85496448940808
1561,-130.66467575249527
1562,-1.392582458529975
1563,-129.0562009121676
1564,-1.447611483273336
1565,-257.493150360198
1566,-132.9386583693949
1567,-123.40045167827958
1568,-261.5332087448236
1569,-365.2566273090306
1570,-130.02173781726546
1571,-373.7646768392082
1572,-124.34599623499034
1573,-261.56681948015193
1574,-364.87222711677884
1575,-123.58185569796449
1576,-304.7823351338987
1577,-128.87303572881314
1578,-375.3457292245071
1579,-362.384854083749
1580,-131.57463992620904
1581,-0.5105119986134591
1582,-125.6432593255457
1583,-262.40985691225245
1584,-132.66400688413196
1585,-128.3062934177447
1586,-363.32413395190747
1587,-248.67968480779916
1588,-123.77288659131933
1589,-128.75949804697353
1590,-259.88329883213186
1591,-371.92063868735266
1592,-126.93954027121187
1593,-249.00176671099686
1594,-249.1601364896099
1595,-348.8767399308799
1596,-131.27077066574873
1597,-248.76023111344713
1598,-123.69812807003632
1599,-129.98555264084143
1600,-248.29966957040793
1601,-131.52987287111839
1602,-132.00033297878633
1603,-368.8936118971376
1604,-261.89149696682045
1605,-126.74828647166807
1606,-489.9072671775514
1607,-1.0620438450649068
1608,-130.959433086812
1609,-129.34369713792634
1610,-266.6427497473632
1611,-370.72669391475466
1612,-129.3657587824898
1613,-256.9695683467904
1614,-0.5927439699562683
1615,-378.6052728565875
1616,-262.11124811946496
1617,-526.4953980004517
1618,-126.56665078166392
1619,-132.55727727804967
1620,-265.639254328237
1621,-132.1651369624866
1622,-131.36300992316322
1623,-246.9494949162621
1624,-264.814839493164
1625,-248.3636239033584
1626,-373.1894667040879
1627,-0.5613999780162287
1628,-378.04942016567327
1629,-243.9904721572363
1630,-370.15932232824593
1631,-127.24627975273219
1632,-385.15414632896636
1633,-278.5071328651144
1634,-373.3365016013378
1635,-264.6849946605842
1636,-130.6343276004382
1637,-266.3682653264005
1638,-129.75086048703747
1639,-128.23079743090636
1640,-128.19011891552105
1641,-262.8782196439688
1642,-128.83605701426464
1643,-0.5951237792416977
1644,-129.11416285965808
1645,-254.6422621063191
1646,-128.0034313294695
1647,-0.6220854378424306
1648,-281.40515998339174
1649,-132.22747554750129
1650,-290.90224597022063
1651,-129.3720209680958
1652,-260.16078595449585
1653,-2.9050422081014937
1654,-127.98765125032614
1655,-133.32049113259473
1656,-125.72699683016862
1657,-369.22569532001256
1658,-129.98054030512637
1659,-138.51129077676472
1660,-127.22632625698998
1661,-1.3381882552383342
1662,-126.3806414071009
1663,-261.28362080592194
1664,-356.76846373296445
1665,-1.3692360976192988
1666,-262.927502446761
1667,-1.1373549624759303
1668,-131.4083746882885
1669,-132.99462728115847
1670,-277.5618912584666
1671,-0.5684884410468819
1672,-384.6849557153201
1673,-1.1814391657795895
1674,-2.151547587725626
1675,-129.1515680808198
1676,-128.50748338880058
1677,-337.01313408365957
1678,-244.82406651392807
1679,-477.72588531259356
1680,-390.75476710664657
1681,-369.0230924415585
1682,-262.1394523748317
1683,-131.12375750159435
1684,-266.9678055514069
1685,-2.306224885038985
1686,-261.2746948944282
1687,-128.9999191138049
1688,-1.545665465368553
1689,-129.8417200110677
1690,-131.35568000625474
1691,-0.8446423561317769
1692,-127.33628029645718
1693,-250.40807233421768
1694,-129.65244947506602
1695,-127.50768779460385
1696,-135.1239347796905
1697,-133.2681656699
1698,-131.26519453039097
1699,-457.37458354985125
1700,-242.88611964342357
1701,-0.900070515491666
1702,-128.61033853916913
1703,-129.3922283837041
1704,-123.0331445913733
1705,-241.60522036053598
1706,-128.04745791546856
1707,-263.2023406978945
1708,-131.06160412268824
1709,-262.7926954617608
1710,-0.8767563908888646
1711,-268.45412182833843
1712,-256.1171594965598
1713,-372.90515637689265
1714,-249.4004266979082
1715,-253.21592759628933
1716,-127.29842200282953
1717,-249.40197600828606
1718,-273.3889591959209
1719,-254.61234411533357
1720,-127.17884414154443
1721,-130.02744470141715
1722,-130.73246436731458
1723,-127.72193055645647
1724,-388.5198398347657
1725,-129.78821365190683
1726,-324.02621515987545
1727,-131.4052463867671
1728,-291.2496180521899
1729,-374.4299157901185
1730,-427.8666185214117
1731,-0.6400794977175241
1732,-127.45916053224084
1733,-245.2064031144146
1734,-259.7496814061518
1735,-0.6327052270212222
1736,-401.33167329447434
1737,-131.0268051467647
1738,-293.0530478167595
1739,-130.18973437200907
1740,-131.29647491977354
1741,-261.2496916909116
1742,-1.2031529228893116
1743,-1.5361055217011295
1744,-283.07147008658615
1745,-266.79631007071254
1746,-0.6088259319743822
1747,-388.4836471234857
1748,-259.17480986027095
1749,-279.39186130514065
1750,-361.4677107212328
1751,-125.91034515431556
1752,-1.4716813123597927
1753,-353.6939642566041
1754,-131.69501309766397
1755,-133.25400896854703
1756,-134.86317073452895
1757,-256.75648329698953
1758,-278.0220057902348
1759,-250.62155561770734
1760,-377.3553402746699
1761,-266.88048907985797
1762,-122.83620831109214
1763,-252.86753169697448
1764,-130.02580931733925
1765,-0.7869475375501631
1766,-351.2849792277472
1767,-130.02935091808664
1768,-363.80328003664937
1769,-135.60547926311162
1770,-123.88997491970142
1771,-127.4065248819835
1772,-125.77491141977447
1773,-306.4165786727148
1774,-255.37983110692525
1775,-257.17485877659726
1776,-382.4188456605392
1777,-131.63347499020347
1778,-127.56078742658995
1779,-0.9884879290760493
1780,-378.2858150968519
1781,-0.5763683416506449
1782,-129.35342727037687
1783,-131.74567858992418
1784,-129.18359267250574
1785,-258.28413514356214
1786,-131.23834158836723
1787,-366.08158134817285
1788,-345.0507682544771
1789,-358.1636393359812
1790,-126.59292759796014
1791,-122.8400354131358
1792,-130.01404449271342
1793,-131.5147079960925
1794,-133.9409107920728
1795,-364.6921358580636
1796,-260.6499779900077
1797,-1.3586651998032402
1798,-130.81530736222408
1799,-130.22892179931682
1800,-0.7884162293500095
1801,-240.55193343151163
1802,-1.6818529261536002
1803,-130.30796421116415
1804,-129.63861564582947
1805,-0.9886562629314405
1806,-359.7015428760751
1807,-371.6845462585436
1808,-395.15202248506563
1809,-281.15711551633035
1810,-128.44859742367709
1811,-130.10517907680423
1812,-275.945373401551
1813,-127.25574441834645
1814,-371.23639786046976
1815,-127.67244371706738
1816,-388.5049689629193
1817,-517.5053501340024
1818,-128.7995392992143
1819,-249.96156762835545
1820,-128.1866745253836
1821,-4.334786520861701
1822,-128.45488443815745
1823,-633.2390347131947
1824,-257.23977024742504
1825,-459.87819336478657
1826,-129.34102168364845
1827,-1.040573578331859
1828,-123.50369990914339
1829,-513.293343759207
1830,-253.57891363803012
1831,-131.98137165781336
1832,-126.99240874892003
1833,-128.52478363219856
1834,-0.9350766373226381
1835,-246.22006676361144
1836,-369.2744969655599
1837,-1.1430954256764496
1838,-272.97368250301315
1839,-1.0182358775546836
1840,-248.53002595877481
1841,-128.14007117841197
1842,-262.87675990284555
1843,-526.9675390190179
1844,-3.1566814315172222
1845,-127.06115490945373
1846,-495.16730450242727
1847,-265.10707930896626
1848,-430.1903073452349
1849,-132.2059443274775
1850,-264.43492681186194
1851,-1.7328093301387975
1852,-125.61436166136478
1853,-280.42581221836883
1854,-253.04562077368445
1855,-128.82689219469364
1856,-126.05635760219246
1857,-267.19208931546495
1858,-129.90166843039955
1859,-131.21214662731902
1860,-360.1845595307462
1861,-127.64528862766447
1862,-253.55473309207184
1863,-424.605379738873
1864,-127.50763084945311
1865,-126.39213804098306
1866,-384.9921015731067
1867,-396.8967138277326
1868,-257.2108258911266
1869,-123.53238845970382
1870,-126.60220400167952
1871,-403.7566279373394
1872,-127.73939914616427
1873,-256.44039724036446
1874,-131.16570994973313
1875,-243.89068573752405
1876,-261.96795025891794
1877,-396.7268580166887
1878,-130.78180362281114
1879,-261.54632363230894
1880,-259.866559503687
1881,-130.94800427129397
1882,-127.76843027538274
1883,-253.85915479856078
1884,-124.42016596564967
1885,-124.80926873209108
1886,-261.3614169667335
1887,-248.64093792547735
1888,-262.74197862663846
1889,-380.8543973665386
1890,-367.19883375526905
1891,-260.8341078377543
1892,-399.1375762382363
1893,-133.6378708085185
1894,-499.1143247572476
1895,-248.8948792640874
1896,-127.59687014565607
1897,-128.91063401079026
1898,-130.97618263466836
1899,-377.0900053795387
1900,-131.39294522784874
1901,-259.75891058014287
1902,-131.7130107708538
1903,-128.63558652893636
1904,-381.78025989151365
1905,-130.1162189521234
1906,-132.45410651364534
1907,-276.789656473993
1908,-258.8646887957096
1909,-255.18790086756272
1910,-132.57114559714907
1911,-268.65283129724673
1912,-473.01860788284216
1913,-266.44106198138405
1914,-129.04364156666824
1915,-269.10257219959385
1916,-130.2101120097176
1917,-332.36059165999154
1918,-131.79112923450478
1919,-127.15140553106211
1920,-131.01191999046375
1921,-0.6097843485522487
1922,-0.5491129862433866
1923,-129.39787507019625
1924,-130.28461607008555
1925,-369.53049335892143
1926,-129.35568349698286
1927,-1.1878645432780388
1928,-268.64290561327937
1929,-0.7212106917278333
1930,-126.80531452565654
1931,-132.09761137121384
1932,-130.7971649884969
1933,-127.62195955088474
1934,-128.2209553463395
1935,-406.8650611221343
1936,-133.06222879385962
1937,-248.42078146037696
1938,-128.96524344547527
1939,-128.1666099786628
1940,-383.1520745786385
1941,-265.9041328311507
1942,-127.13713588908813
1943,-0.6475429685336279
1944,-382.5819125244881
1945,-258.01447878885403
1946,-127.86822179644439
1947,-130.87980033207248
1948,-282.76389149941105
1949,-243.59692782694424
1950,-1.243725355181151
1951,-127.85073264376558
1952,-254.03836370890156
1953,-130.93199371581275
1954,-134.26072131182408
1955,-129.5830642067737
1956,-259.77907876513433
1957,-129.12641709551377
1958,-259.6858328168019
1959,-268.13774534317434
1960,-125.76529307243563
1961,-127.8068075559356
1962,-132.20482697620199
1963,-135.37758295921125
1964,-267.75239464065334
1965,-372.66184464240695
1966,-266.4459840186962
1967,-261.1056913193096
1968,-381.77328398470064
1969,-131.62031399209036
1970,-1.4698831502157816
1971,-127.18767719604276
1972,-261.9194306757417
1973,-260.6545250142933
1974,-380.3182220130427
1975,-379.4231221731444
1976,-130.96359979383465
1977,-249.55892501224676
1978,-0.5116222135967208
1979,-251.65701274902864
1980,-129.38104393004016
1981,-133.18074470152854
1982,-131.10581742834884
1983,-387.457242482157
1984,-368.8596711996366
1985,-398.7328407586542
1986,-261.7967674694092
1987,-241.63453677537802
1988,-0.7171376169765374
1989,-122.50434503732697
1990,-129.80145451812086
1991,-128.83625734134282
1992,-384.98494864561184
1993,-252.23307003965266
1994,-258.41900495081757
1995,-382.9842241881806
1996,-255.91907007113747
1997,-270.4891553667072
1998,-381.8807105494283
1999,-249.60573485864185
